model,rmse,mae,rsq
Random Forest,0.7966071586752359,0.6345611943917491,0.37682902688641656
Lasso,0.8611373992265102,0.707129432807928,0.2827076990833186
Linear Regression,0.9562989605715606,0.7534317917423475,0.22234971617193788
Baseline (training mean),0.9896377010630492,NA,NA
