model,rmse,mae,rsq
Random Forest,0.8339901457669854,0.6640764197006287,0.30573791805899253
Lasso,0.8612031140266339,0.7070612246167532,0.2824481321635778
Linear Regression,0.9600639325239902,0.7561745599124077,0.21626401556605565
Baseline (training mean),0.9896377010630476,NA,NA
