model,rmse,mae,rsq
Random Forest,0.7979869252139399,0.635811925311223,0.372638393841211
Lasso,0.8611373992265103,0.707129432807928,0.2827076990833184
Linear Regression,0.9562989605715674,0.7534317917423479,0.2223497161719413
Baseline (training mean),0.9896377010630476,NA,NA
