term,estimate,penalty
gdp_constant_usd,0.23504156132274703,0.08836609996689186
age_dependency_old,0.1804022177571518,0.08836609996689186
imports_goods_services,-0.08580460329274245,0.08836609996689186
health_expenditure,0.051601813755943554,0.08836609996689186
fertility_rate,-0.05107932480753535,0.08836609996689186
government_revenue,0.0487980781591652,0.08836609996689186
labor_force_female,0.01470149362584875,0.08836609996689186
fdi_inflow,0.010468788177851268,0.08836609996689186
